[
  {
    "id": "demo-acc-td-checking",
    "user_id": "demo-user",
    "name": "TD Checking Account",
    "type": "checking",
    "currency": "CAD",
    "institution": "TD Bank",
    "is_asset": true,
    "is_active": true,
    "created_at": "2025-01-26T00:00:00Z",
    "updated_at": "2026-01-26T00:00:00Z"
  },
  {
    "id": "demo-acc-tangerine-savings",
    "user_id": "demo-user",
    "name": "Tangerine Savings Account",
    "type": "savings",
    "currency": "CAD",
    "institution": "Tangerine",
    "is_asset": true,
    "is_active": true,
    "created_at": "2025-01-26T00:00:00Z",
    "updated_at": "2026-01-26T00:00:00Z"
  },
  {
    "id": "demo-acc-td-usd",
    "user_id": "demo-user",
    "name": "TD USD Account",
    "type": "checking",
    "currency": "USD",
    "institution": "TD Bank",
    "is_asset": true,
    "is_active": true,
    "created_at": "2025-01-26T00:00:00Z",
    "updated_at": "2026-01-26T00:00:00Z"
  },
  {
    "id": "demo-acc-wealthsimple-tfsa",
    "user_id": "demo-user",
    "name": "Wealthsimple TFSA",
    "type": "tfsa",
    "currency": "CAD",
    "institution": "Wealthsimple",
    "is_asset": true,
    "is_active": true,
    "created_at": "2025-01-26T00:00:00Z",
    "updated_at": "2026-01-26T00:00:00Z"
  },
  {
    "id": "demo-acc-questrade-rrsp",
    "user_id": "demo-user",
    "name": "Questrade RRSP",
    "type": "rrsp",
    "currency": "CAD",
    "institution": "Questrade",
    "is_asset": true,
    "is_active": true,
    "created_at": "2025-01-26T00:00:00Z",
    "updated_at": "2026-01-26T00:00:00Z"
  },
  {
    "id": "demo-acc-coinbase",
    "user_id": "demo-user",
    "name": "Coinbase Crypto",
    "type": "crypto",
    "currency": "CAD",
    "institution": "Coinbase",
    "is_asset": true,
    "is_active": true,
    "created_at": "2025-01-26T00:00:00Z",
    "updated_at": "2026-01-26T00:00:00Z"
  },
  {
    "id": "demo-acc-toronto-condo",
    "user_id": "demo-user",
    "name": "Toronto Condo",
    "type": "real_estate",
    "currency": "CAD",
    "institution": null,
    "is_asset": true,
    "is_active": true,
    "created_at": "2023-06-01T00:00:00Z",
    "updated_at": "2026-01-26T00:00:00Z"
  },
  {
    "id": "demo-acc-honda-civic",
    "user_id": "demo-user",
    "name": "Honda Civic 2020",
    "type": "vehicle",
    "currency": "CAD",
    "institution": null,
    "is_asset": true,
    "is_active": true,
    "created_at": "2020-07-01T00:00:00Z",
    "updated_at": "2026-01-26T00:00:00Z"
  },
  {
    "id": "demo-acc-td-mortgage",
    "user_id": "demo-user",
    "name": "TD Mortgage",
    "type": "mortgage",
    "currency": "CAD",
    "institution": "TD Bank",
    "is_asset": false,
    "is_active": true,
    "created_at": "2023-06-01T00:00:00Z",
    "updated_at": "2026-01-26T00:00:00Z"
  },
  {
    "id": "demo-acc-td-credit-card",
    "user_id": "demo-user",
    "name": "TD Credit Card",
    "type": "credit_card",
    "currency": "CAD",
    "institution": "TD Bank",
    "is_asset": false,
    "is_active": true,
    "created_at": "2025-01-26T00:00:00Z",
    "updated_at": "2026-01-26T00:00:00Z"
  },
  {
    "id": "demo-acc-student-loan",
    "user_id": "demo-user",
    "name": "Student Loan",
    "type": "loan",
    "currency": "CAD",
    "institution": "National Student Loans Service Centre",
    "is_asset": false,
    "is_active": true,
    "created_at": "2020-09-01T00:00:00Z",
    "updated_at": "2026-01-26T00:00:00Z"
  }
]
