[
  {"id": "demo-asset-details-condo", "account_id": "demo-acc-toronto-condo", "asset_type": "real_estate", "purchase_price": 650000.00, "purchase_date": "2023-06-01T00:00:00Z", "depreciation_method": "none", "useful_life_years": null, "salvage_value": 0, "depreciation_rate": null, "type_specific_data": "{\"property_type\": \"condo\", \"square_feet\": 850, \"bedrooms\": 2, \"bathrooms\": 1}", "notes": "Downtown Toronto condo", "created_at": "2023-06-01T00:00:00Z", "updated_at": "2026-01-26T00:00:00Z"},
  {"id": "demo-asset-details-car", "account_id": "demo-acc-honda-civic", "asset_type": "vehicle", "purchase_price": 28000.00, "purchase_date": "2020-07-01T00:00:00Z", "depreciation_method": "declining_balance", "useful_life_years": 10, "salvage_value": 5000.00, "depreciation_rate": 20.0, "type_specific_data": "{\"make\": \"Honda\", \"model\": \"Civic\", \"year\": 2020, \"vin\": \"1HGBH41JXMN109186\"}", "notes": "Daily commute vehicle", "created_at": "2020-07-01T00:00:00Z", "updated_at": "2026-01-26T00:00:00Z"}
]
