[
  {
    "id": "demo-bal-td-checking-1",
    "account_id": "demo-acc-td-checking",
    "amount": 5234.50,
    "date": "2026-01-26T00:00:00Z",
    "notes": null,
    "created_at": "2026-01-26T00:00:00Z"
  },
  {
    "id": "demo-bal-tangerine-savings-1",
    "account_id": "demo-acc-tangerine-savings",
    "amount": 12500.00,
    "date": "2026-01-26T00:00:00Z",
    "notes": null,
    "created_at": "2026-01-26T00:00:00Z"
  },
  {
    "id": "demo-bal-td-usd-1",
    "account_id": "demo-acc-td-usd",
    "amount": 3200.00,
    "date": "2026-01-26T00:00:00Z",
    "notes": null,
    "created_at": "2026-01-26T00:00:00Z"
  },
  {
    "id": "demo-bal-wealthsimple-tfsa-1",
    "account_id": "demo-acc-wealthsimple-tfsa",
    "amount": 45000.00,
    "date": "2026-01-26T00:00:00Z",
    "notes": null,
    "created_at": "2026-01-26T00:00:00Z"
  },
  {
    "id": "demo-bal-questrade-rrsp-1",
    "account_id": "demo-acc-questrade-rrsp",
    "amount": 78500.00,
    "date": "2026-01-26T00:00:00Z",
    "notes": null,
    "created_at": "2026-01-26T00:00:00Z"
  },
  {
    "id": "demo-bal-coinbase-1",
    "account_id": "demo-acc-coinbase",
    "amount": 8000.00,
    "date": "2026-01-26T00:00:00Z",
    "notes": null,
    "created_at": "2026-01-26T00:00:00Z"
  },
  {
    "id": "demo-bal-toronto-condo-1",
    "account_id": "demo-acc-toronto-condo",
    "amount": 650000.00,
    "date": "2026-01-26T00:00:00Z",
    "notes": null,
    "created_at": "2026-01-26T00:00:00Z"
  },
  {
    "id": "demo-bal-honda-civic-1",
    "account_id": "demo-acc-honda-civic",
    "amount": 22000.00,
    "date": "2026-01-26T00:00:00Z",
    "notes": null,
    "created_at": "2026-01-26T00:00:00Z"
  },
  {
    "id": "demo-bal-td-mortgage-1",
    "account_id": "demo-acc-td-mortgage",
    "amount": -485000.00,
    "date": "2026-01-26T00:00:00Z",
    "notes": null,
    "created_at": "2026-01-26T00:00:00Z"
  },
  {
    "id": "demo-bal-td-credit-card-1",
    "account_id": "demo-acc-td-credit-card",
    "amount": -1850.00,
    "date": "2026-01-26T00:00:00Z",
    "notes": null,
    "created_at": "2026-01-26T00:00:00Z"
  },
  {
    "id": "demo-bal-student-loan-1",
    "account_id": "demo-acc-student-loan",
    "amount": -15000.00,
    "date": "2026-01-26T00:00:00Z",
    "notes": null,
    "created_at": "2026-01-26T00:00:00Z"
  }
]
