[
  {"id": "demo-hold-veqt", "account_id": "demo-acc-wealthsimple-tfsa", "type": "stock", "symbol": "VEQT", "quantity": 100.0, "cost_basis": 31.50, "currency": "CAD", "amount": null, "purchase_date": "2024-06-15T00:00:00Z", "notes": "Vanguard All-Equity ETF", "created_at": "2024-06-15T00:00:00Z", "updated_at": "2026-01-26T00:00:00Z"},
  {"id": "demo-hold-vfv", "account_id": "demo-acc-wealthsimple-tfsa", "type": "stock", "symbol": "VFV", "quantity": 50.0, "cost_basis": 125.00, "currency": "CAD", "amount": null, "purchase_date": "2024-08-20T00:00:00Z", "notes": "Vanguard S&P 500 Index ETF", "created_at": "2024-08-20T00:00:00Z", "updated_at": "2026-01-26T00:00:00Z"},
  {"id": "demo-hold-xeqt", "account_id": "demo-acc-wealthsimple-tfsa", "type": "stock", "symbol": "XEQT", "quantity": 75.0, "cost_basis": 29.80, "currency": "CAD", "amount": null, "purchase_date": "2024-10-10T00:00:00Z", "notes": "iShares Core Equity ETF Portfolio", "created_at": "2024-10-10T00:00:00Z", "updated_at": "2026-01-26T00:00:00Z"},
  {"id": "demo-hold-vgro", "account_id": "demo-acc-questrade-rrsp", "type": "stock", "symbol": "VGRO", "quantity": 200.0, "cost_basis": 34.25, "currency": "CAD", "amount": null, "purchase_date": "2023-03-15T00:00:00Z", "notes": "Vanguard Growth ETF Portfolio", "created_at": "2023-03-15T00:00:00Z", "updated_at": "2026-01-26T00:00:00Z"},
  {"id": "demo-hold-xaw", "account_id": "demo-acc-questrade-rrsp", "type": "stock", "symbol": "XAW", "quantity": 150.0, "cost_basis": 44.50, "currency": "CAD", "amount": null, "purchase_date": "2023-07-20T00:00:00Z", "notes": "iShares Core MSCI All Country World ex Canada", "created_at": "2023-07-20T00:00:00Z", "updated_at": "2026-01-26T00:00:00Z"},
  {"id": "demo-hold-vcn", "account_id": "demo-acc-questrade-rrsp", "type": "stock", "symbol": "VCN", "quantity": 100.0, "cost_basis": 42.10, "currency": "CAD", "amount": null, "purchase_date": "2023-11-05T00:00:00Z", "notes": "Vanguard FTSE Canada All Cap Index ETF", "created_at": "2023-11-05T00:00:00Z", "updated_at": "2026-01-26T00:00:00Z"},
  {"id": "demo-hold-btc", "account_id": "demo-acc-coinbase", "type": "crypto", "symbol": "BTC", "quantity": 0.12, "cost_basis": 45000.00, "currency": "CAD", "amount": null, "purchase_date": "2024-01-15T00:00:00Z", "notes": "Bitcoin", "created_at": "2024-01-15T00:00:00Z", "updated_at": "2026-01-26T00:00:00Z"},
  {"id": "demo-hold-eth", "account_id": "demo-acc-coinbase", "type": "crypto", "symbol": "ETH", "quantity": 1.5, "cost_basis": 2800.00, "currency": "CAD", "amount": null, "purchase_date": "2024-03-10T00:00:00Z", "notes": "Ethereum", "created_at": "2024-03-10T00:00:00Z", "updated_at": "2026-01-26T00:00:00Z"}
]
