[
  {
    "id": "demo-loan-details-1",
    "account_id": "demo-acc-student-loan",
    "original_amount": 25000.00,
    "interest_rate": 4.0,
    "rate_type": "fixed",
    "start_date": "2020-09-01T00:00:00Z",
    "term_months": 120,
    "payment_amount": 253.00,
    "payment_frequency": "monthly",
    "payment_day": 15,
    "loan_type": "Student Loan",
    "lender": "National Student Loans Service Centre",
    "loan_number": "SL-987654321",
    "purpose": "Education",
    "maturity_date": "2030-09-01T00:00:00Z",
    "notes": "Federal student loan",
    "created_at": "2020-09-01T00:00:00Z",
    "updated_at": "2026-01-26T00:00:00Z"
  }
]
