[
  {
    "id": "demo-mortgage-details-1",
    "account_id": "demo-acc-td-mortgage",
    "original_amount": 520000.00,
    "interest_rate": 2.5,
    "rate_type": "fixed",
    "start_date": "2023-06-01T00:00:00Z",
    "term_months": 60,
    "amortization_months": 300,
    "payment_amount": 2200.00,
    "payment_frequency": "monthly",
    "payment_day": 1,
    "property_address": "123 Bay Street",
    "property_city": "Toronto",
    "property_province": "ON",
    "property_postal_code": "M5J 2R8",
    "property_value": 650000.00,
    "renewal_date": "2028-06-01T00:00:00Z",
    "maturity_date": "2048-06-01T00:00:00Z",
    "lender": "TD Bank",
    "mortgage_number": "MTG-123456789",
    "notes": "5-year fixed rate mortgage",
    "created_at": "2023-06-01T00:00:00Z",
    "updated_at": "2026-01-26T00:00:00Z"
  }
]
