[
  {"id": "demo-scenario-default", "user_id": "demo-user", "name": "30-Year Retirement Plan", "is_default": true, "config": "{\"time_horizon_years\":30,\"inflation_rate\":0.025,\"annual_salary\":95000,\"annual_salary_growth\":0.03,\"federal_tax_brackets\":[{\"up_to_income\":55867,\"rate\":0.15},{\"up_to_income\":111733,\"rate\":0.205},{\"up_to_income\":173205,\"rate\":0.26},{\"up_to_income\":246752,\"rate\":0.29},{\"up_to_income\":0,\"rate\":0.33}],\"provincial_tax_brackets\":[{\"up_to_income\":47937,\"rate\":0.0506},{\"up_to_income\":95875,\"rate\":0.077},{\"up_to_income\":110076,\"rate\":0.105},{\"up_to_income\":133664,\"rate\":0.1229},{\"up_to_income\":181232,\"rate\":0.147},{\"up_to_income\":252752,\"rate\":0.168},{\"up_to_income\":0,\"rate\":0.205}],\"monthly_expenses\":3000,\"annual_expense_growth\":0.02,\"monthly_savings_rate\":0.2,\"investment_returns\":{\"tfsa\":0.06,\"rrsp\":0.07,\"brokerage\":0.055,\"crypto\":0.1},\"extra_debt_payments\":{},\"asset_appreciation\":{\"real_estate\":0.04,\"vehicle\":-0.15},\"savings_allocation\":{\"tfsa\":0.5,\"rrsp\":0.5},\"events\":[]}", "created_at": "2026-01-26T00:00:00Z", "updated_at": "2026-01-26T00:00:00Z"}
]
