[
  {"id": "demo-exp-mortgage", "user_id": "demo-user", "name": "Mortgage Payment", "amount": 2200.00, "currency": "CAD", "frequency": "monthly", "category": "Housing", "description": "Monthly mortgage payment", "is_active": true, "created_at": "2023-06-01T00:00:00Z", "updated_at": "2026-01-26T00:00:00Z"},
  {"id": "demo-exp-property-tax", "user_id": "demo-user", "name": "Property Tax", "amount": 350.00, "currency": "CAD", "frequency": "monthly", "category": "Housing", "description": "Property tax for condo", "is_active": true, "created_at": "2023-06-01T00:00:00Z", "updated_at": "2026-01-26T00:00:00Z"},
  {"id": "demo-exp-condo-fees", "user_id": "demo-user", "name": "Condo Fees", "amount": 450.00, "currency": "CAD", "frequency": "monthly", "category": "Housing", "description": "Monthly condo maintenance fees", "is_active": true, "created_at": "2023-06-01T00:00:00Z", "updated_at": "2026-01-26T00:00:00Z"},
  {"id": "demo-exp-utilities", "user_id": "demo-user", "name": "Utilities", "amount": 180.00, "currency": "CAD", "frequency": "monthly", "category": "Utilities", "description": "Electricity, water, and gas", "is_active": true, "created_at": "2023-06-01T00:00:00Z", "updated_at": "2026-01-26T00:00:00Z"},
  {"id": "demo-exp-internet", "user_id": "demo-user", "name": "Internet", "amount": 80.00, "currency": "CAD", "frequency": "monthly", "category": "Utilities", "description": "Home internet service", "is_active": true, "created_at": "2023-06-01T00:00:00Z", "updated_at": "2026-01-26T00:00:00Z"},
  {"id": "demo-exp-phone", "user_id": "demo-user", "name": "Mobile Phone", "amount": 65.00, "currency": "CAD", "frequency": "monthly", "category": "Utilities", "description": "Cell phone plan", "is_active": true, "created_at": "2023-06-01T00:00:00Z", "updated_at": "2026-01-26T00:00:00Z"},
  {"id": "demo-exp-car-insurance", "user_id": "demo-user", "name": "Car Insurance", "amount": 150.00, "currency": "CAD", "frequency": "monthly", "category": "Transportation", "description": "Auto insurance", "is_active": true, "created_at": "2020-07-01T00:00:00Z", "updated_at": "2026-01-26T00:00:00Z"},
  {"id": "demo-exp-gas", "user_id": "demo-user", "name": "Gasoline", "amount": 200.00, "currency": "CAD", "frequency": "monthly", "category": "Transportation", "description": "Monthly gas expenses", "is_active": true, "created_at": "2020-07-01T00:00:00Z", "updated_at": "2026-01-26T00:00:00Z"},
  {"id": "demo-exp-groceries", "user_id": "demo-user", "name": "Groceries", "amount": 600.00, "currency": "CAD", "frequency": "monthly", "category": "Food", "description": "Monthly grocery expenses", "is_active": true, "created_at": "2023-06-01T00:00:00Z", "updated_at": "2026-01-26T00:00:00Z"},
  {"id": "demo-exp-dining", "user_id": "demo-user", "name": "Dining Out", "amount": 300.00, "currency": "CAD", "frequency": "monthly", "category": "Food", "description": "Restaurants and takeout", "is_active": true, "created_at": "2023-06-01T00:00:00Z", "updated_at": "2026-01-26T00:00:00Z"},
  {"id": "demo-exp-entertainment", "user_id": "demo-user", "name": "Entertainment", "amount": 150.00, "currency": "CAD", "frequency": "monthly", "category": "Entertainment", "description": "Streaming services, movies, events", "is_active": true, "created_at": "2023-06-01T00:00:00Z", "updated_at": "2026-01-26T00:00:00Z"},
  {"id": "demo-exp-student-loan", "user_id": "demo-user", "name": "Student Loan Payment", "amount": 253.00, "currency": "CAD", "frequency": "monthly", "category": "Debt", "description": "Monthly student loan payment", "is_active": true, "created_at": "2020-09-01T00:00:00Z", "updated_at": "2026-01-26T00:00:00Z"}
]
